0408_F1R1	AGCAACAACACATTTTTGG	AGGGTTTCGAGTCAGGA
0408_F1R2	AGCAACAACACATTTTTGG	AGGGTTTCGAGTCAGGG
0408_F1R3	AGCAACAACACATTTTTGG	AGGGTTTGGAGTCAGGA
0408_F1R4	AGCAACAACACATTTTTGG	AGGGTTTGGAGTCAGGG
0408_F2R1	AGCAACAACACATTTTTGT	AGGGTTTCGAGTCAGGA
0408_F2R2	AGCAACAACACATTTTTGT	AGGGTTTCGAGTCAGGG
0408_F2R3	AGCAACAACACATTTTTGT	AGGGTTTGGAGTCAGGA
0408_F2R4	AGCAACAACACATTTTTGT	AGGGTTTGGAGTCAGGG
0408_F3R1	AGCAACGACACATTTTTGG	AGGGTTTCGAGTCAGGA
0408_F3R2	AGCAACGACACATTTTTGG	AGGGTTTCGAGTCAGGG
0408_F3R3	AGCAACGACACATTTTTGG	AGGGTTTGGAGTCAGGA
0408_F3R4	AGCAACGACACATTTTTGG	AGGGTTTGGAGTCAGGG
0408_F4R1	AGCAACGACACATTTTTGT	AGGGTTTCGAGTCAGGA
0408_F4R2	AGCAACGACACATTTTTGT	AGGGTTTCGAGTCAGGG
0408_F4R3	AGCAACGACACATTTTTGT	AGGGTTTGGAGTCAGGA
0408_F4R4	AGCAACGACACATTTTTGT	AGGGTTTGGAGTCAGGG
0408_F5R1	AGCAGCAACACATTTTTGG	AGGGTTTCGAGTCAGGA
0408_F5R2	AGCAGCAACACATTTTTGG	AGGGTTTCGAGTCAGGG
0408_F5R3	AGCAGCAACACATTTTTGG	AGGGTTTGGAGTCAGGA
0408_F5R4	AGCAGCAACACATTTTTGG	AGGGTTTGGAGTCAGGG
0408_F6R1	AGCAGCAACACATTTTTGT	AGGGTTTCGAGTCAGGA
0408_F6R2	AGCAGCAACACATTTTTGT	AGGGTTTCGAGTCAGGG
0408_F6R3	AGCAGCAACACATTTTTGT	AGGGTTTGGAGTCAGGA
0408_F6R4	AGCAGCAACACATTTTTGT	AGGGTTTGGAGTCAGGG
0408_F7R1	AGCAGCGACACATTTTTGG	AGGGTTTCGAGTCAGGA
0408_F7R2	AGCAGCGACACATTTTTGG	AGGGTTTCGAGTCAGGG
0408_F7R3	AGCAGCGACACATTTTTGG	AGGGTTTGGAGTCAGGA
0408_F7R4	AGCAGCGACACATTTTTGG	AGGGTTTGGAGTCAGGG
0408_F8R1	AGCAGCGACACATTTTTGT	AGGGTTTCGAGTCAGGA
0408_F8R2	AGCAGCGACACATTTTTGT	AGGGTTTCGAGTCAGGG
0408_F8R3	AGCAGCGACACATTTTTGT	AGGGTTTGGAGTCAGGA
0408_F8R4	AGCAGCGACACATTTTTGT	AGGGTTTGGAGTCAGGG
